{
  "bots": [
    {
      "Folder_Name": "Mails",
      "API_TOKEN": "7198233895:AAH6hy9BjXlFapBeaznXL-0isZlRI8npKN0",
      "GROUP_CHAT_ID": "-1002072657872",
      "IsCheckHours": false,
      "IsCheckDays": false,
      "IsPhotoStart": false,
      "IsAutoResponse": true
    },
    {
      "Folder_Name": "OCPayPal1",
      "API_TOKEN": "7317645641:AAHj_E462Lz9hUakAb3etWX5j3IG1gnZqB4",
      "GROUP_CHAT_ID": "-1002221362102",
      "IsCheckHours": true,
      "IsCheckDays": true,
      "IsPhotoStart": true,
      "IsAutoResponse": false
    },
    {
      "Folder_Name": "OCPayPal2",
      "API_TOKEN": "7416513076:AAFJbZD4NYxw4r_2XU5c1KWOANR4rZHVU0I",
      "GROUP_CHAT_ID": "-1002243300312",
      "IsCheckHours": true,
      "IsCheckDays": true,
      "IsPhotoStart": true,
      "IsAutoResponse": false
    },
    {
      "Folder_Name": "OCPayPal3",
      "API_TOKEN": "6712169314:AAFDPiRpYsBk9FBe5jVUuwHykhZpQw9HqRQ",
      "GROUP_CHAT_ID": "-1002227671643",
      "IsCheckHours": true,
      "IsCheckDays": true,
      "IsPhotoStart": true,
      "IsAutoResponse": false
    },
    {
      "Folder_Name": "OCPayPal4",
      "API_TOKEN": "7098005146:AAFR03IN6vzY9ehJDu6U9WTJbzwrwGyPEak",
      "GROUP_CHAT_ID": "-1002178852941",
      "IsCheckHours": true,
      "IsCheckDays": true,
      "IsPhotoStart": true,
      "IsAutoResponse": false
    },
    {
      "Folder_Name": "OCSub",
      "API_TOKEN": "6970295952:AAFxMXFiRH4sw1V1DeCG1PTCDHSkzfm0Or4",
      "GROUP_CHAT_ID": "-1002150917285",
      "IsCheckHours": false,
      "IsCheckDays": false,
      "IsPhotoStart": true,
      "IsAutoResponse": true,
      "template_type": "subscription"
    },
    {
      "Folder_Name": "outcast-support",
      "API_TOKEN": "7002888323:AAFB9LM03iZbqxmF80IV3YU3vJYaHFMgf5k",
      "GROUP_CHAT_ID": "-1002048973694",
      "IsCheckHours": true,
      "IsCheckDays": true,
      "IsPhotoStart": false,
      "IsAutoResponse": false
    },
    {
      "Folder_Name": "OCOther",
      "API_TOKEN": "7422804332:AAFggHHLbKW0owmHss_yeb8J5jW_BkjW3cw",
      "GROUP_CHAT_ID": "-1002235153000",
      "IsCheckHours": false,
      "IsCheckDays": false,
      "IsPhotoStart": true,
      "IsAutoResponse": false
    },
    {
      "Folder_Name": "OCDirect",
      "API_TOKEN": "7033745824:AAE8CtbFTtGDsYeivyl0DjQOPvAoWBWmzM8",
      "GROUP_CHAT_ID": "-1002208163795",
      "IsCheckHours": true,
      "IsCheckDays": true,
      "IsPhotoStart": true,
      "IsAutoResponse": false
    },
    {
      "Folder_Name": "OCTest",
      "API_TOKEN": "6793024214:AAEk7_zBfBUbQfkByDSHAUauM-VPdSod6pg",
      "GROUP_CHAT_ID": "-1002365612235",
      "IsCheckHours": true,
      "IsCheckDays": true,
      "IsPhotoStart": true,
      "IsAutoResponse": false,
      "template_type": "hybrid"
    },
    {
      "Folder_Name": "OCManagerSub",
      "API_TOKEN": "7333675541:AAGXMninLIluPyXwNP5xqFo7rJP268tQ0Pc",
      "GROUP_CHAT_ID": "-1002232646241",
      "IsCheckHours": false,
      "IsCheckDays": false,
      "IsPhotoStart": true,
      "IsAutoResponse": true,
      "template_type": "subscription"
    },
    {
      "Folder_Name": "OCYoutube",
      "API_TOKEN": "6477090169:AAEnu9aLce2ePwJFU7DgtfgmU-02Ov0k1Pw",
      "GROUP_CHAT_ID": "-1002177452389",
      "IsCheckHours": true,
      "IsCheckDays": true,
      "IsPhotoStart": true,
      "IsAutoResponse": false
    },
    {
      "Folder_Name": "PVTManager",
      "API_TOKEN": "6879915920:AAGhKkn3nVIQ-rdaorWMEAMmqyRysjdKYPo",
      "GROUP_CHAT_ID": "-1002165037696",
      "IsCheckHours": true,
      "IsCheckDays": true,
      "IsPhotoStart": false,
      "IsAutoResponse": false
    }
  ]
}
